place_id,place,address_id,address
1,Амплитуда,1,"Лиговский пр., д. 53"
2,"Арт-салон на Невском, 24",2,"Невский пр., д. 24"
3,Санкт-Петербургский союз литераторов,3,"Думская ул., д. 1-3"
4,Библиотека им. Пушкина Петроградского района,4,"Большой проспект П. С., д. 73"
5,Эрарта,5,"29-я линия В. О., д. 2"
6,Ионотека,6,"Лиговский пр., д. 50, к. 16"
7,Библиотека им. Толстого,7,"6-я линия В. О., д. 17"
8,Музей Ахматовой,8,"Литейный пр., д. 53"
9,ОхтаLab,9,"Якорная ул., д. 5А"
10,Французский институт,10,"Невский пр., д. 12"
11,Книги и кофе,11,"Гагаринская ул., д. 20"
12,Хостел На улице Ленина,12,"Ленина, д. 29"
13,БИКЦИМ,13,"Невский пр., д. 20"
14,Библиотека Маяковского,14,"Фонтанка, д. 46"
15,"Арт-центр Пушкинская, 10",1,"Лиговский пр., д. 53"
16,MOD,15,"Грибоедова, д. 7"
17,Дом книги,16,"Невский пр., д. 28"
18,Российская национальная библиотека,17,"Садовая ул., д. 18"
19,Буквоед,18,"Лиговский пр., д. 10"
20,"ОКЦ на Пушкинской, 9",19,"Пушкинская, д. 9"
21,Порядок слов,20,"Фонтанка, д. 15"
19,Буквоед,21,"Невский пр., д. 46"
22,Книжная лавка писателя,22,"Невский пр., д. 66"
23,Борхес,23,"Невский пр., д. 32-34"
24,Миракль,24,"Мошков переулок, д. 4"
25,Музей Достоевского,25,"Кузнечный пер., д. 5/2"
26,Библиотека Измайловская,26,"7-ая Красноармейская ул., д. 30"
27,Смольный институт свободных искусств и наук,27,"Галерная ул., д. 58-60"
28,Дом писателя,28,"Звенигородская ул., д. 22"
29,Police station,29,"Невский пр., д. 90-92Б"
30,Ящик,30,"Лиговский пр., д. 50, корп. 13"
31,Европейский университет,31,"Гагаринская ул., д. 3"
32,ДК Шелгунова,32,"Шамшева ул., д. 8"
33,Библиотека Абрамова,33,"Ивановская ул., д. 14"
34,Библиотека Тимирязева,34,"Шкапина, д. 6"
35,Старая Вена,35,"Гороховая ул., д. 8"
36,Все свободны,36,"Мойка, д. 28"
37,Лофт-проект Этажи,37,"Лиговский пр., д. 74"
38,Библиотека Ломоносова,38,"Нахимова, д. 8/3"
14,Библиотека Маяковского,39,"Фонтанка, д. 44"
39,Музей Державина,40,"Фонтанка, д. 118"
40,VinillaSky,41,"Саперный переулок, д. 16/36"
41,Еврейский общинный центр,42,"Рубинштейна, д. 3"
42,Магазин Подписные издания,43,"Литейный пр., д. 57"
43,Музей Зощенко,44,"Малая Конюшенная ул., д. 4/2"
44,Библиотека Некрасова,45,"2-я Советская ул., д. 27/2"
45,Новая сцена Александринского театра,46,"Фонтанка, д. 49А"
46,Fish fabrique nouvelle,1,"Лиговский пр., д. 53"
47,Большая хоральная синагога,47,"Лермонтовский пр., д. 2"
48,Рубинштейн,48,"Рубинштейна, д. 20"
49,Музей Набокова,49,"Большая Морская ул., д. 47"
50,Библиотека Петергофа,50,"Петергоф, Эрлеровский б-р, д. 18"
51,lampa studio,1,"Лиговский пр., д. 53"
52,Фаренгейт 451,51,"Маяковского ул., д. 25"
11,Книги и кофе,52,"наб. адмирала Макарова, д. 10"
53,street,53,Угол Маяковского и Некрасова
54,Интерьерный театр,54,"Невский пр., д. 104"
55,Цоколь,55,"3-я Советская ул., д. 2/3"
56,Библиотека Лермонтова,56,"Литейный пр., д. 17-19"
57,Свой круг,57,"Добролюбова, д. 11"
58,Нико,58,"Коломенская ул., д. 9"
59,Библиотека Грибоедова,59,"Гороховая ул., д. 41"
60,Высшая школа перевода,60,"Казанская ул., д. 3а"
61,ЦСЛК,52,"наб. адмирала Макарова, д. 10"
62,Ресторан Премьера,61,"Невский пр., д. 151"
63,Summerbar,62,"Грибоедова, д. 49"
64,Новая Голландия,63,"наб. Адмиралтейского канала, д. 2"
65,Дюны,64,"Лиговский пр., д. 50"
66,Выставочный зал Московского района,65,"пл. Чернышевского, д. 6"
67,АБЦентр,66,"Виленский переулок, д. 4"
68,Институт Финляндии в Санкт-Петербурге,67,"Большая Конюшенная ул., д. 8"
69,Музей Гумилева,68,"Коломенская ул., д. 1/15"
70,Книжный салон,69,"Манежная пл., д. 2"
71,Галерея Кино-Фот-703,1,"Лиговский пр., д. 53"
72,Отель Indigo,70,"Чайковского, д. 17"
73,Бакалавриат,71,"Маяковского ул., д. 10"
74,Малевич,72,"Московский пр., д. 109"
75,Мастерская Юрия Молодковца,73,"Большой проспект В. О., д. 8/4"
76,ПОЭТому,74,Пушкин
77,Горький,75,"Малая Посадская ул., д. 3А"
78,Union,76,"Литейный пр., д. 55"
79,Библиотека Рыбацкая,77,"Дмитрия Устинова, д. 3"
80,Место встречи,78,"Казанская ул., д. 7"
81,Музей Блока,79,"Декабристов, д. 57"
82,Молодежный клуб Современник,80,"Малоохтинский пр., д. 92"
83,Стирка,81,"Казанская ул., д. 26"
84,Русско-немецкий центр встреч,82,"Невский пр., д. 22-24"
85,Открытое пространство,83,"Достоевского, д. 34"
86,Музей петербургского авангарда,84,"Проф. Попова, д. 10"
87,Bar Dead Poets,85,"Жуковского, д. 12"
88,ЦГДБ им. Пушкина,86,"Большая Морская ул., д. 33"
89,"ЦГДБ им. Пушкина, филиал № 3",87,"103-я Советская ул., д. 8A"
90,Причал,88,"Мойка, д. 23"
91,Редакция журнала Звезда,89,"Моховая ул., д. 20"
92,Дом молодёжи Форпост,90,"Большой Сампсониевский пр., д. 37"
93,Жук,91,"Гороховая ул., д. 33"
76,ПОЭТому,92,"Гороховая ул., д. 49"
94,Гaлepeя coвpeмeннoгo иcкyccтвa фapфopa,93,"Обуховской обороны, д. 151"
95,Театр Синтез,94,"Гатчинская ул., д. 23/25"
96,Подвал Бродячей Собаки,95,"пл. Искусств, д. 4"
97,Дом актера,96,"Невский пр., д. 86"
98,Грибоедов,97,"Воронежская ул., д. 2А"
99,Павловский центр культуры,98,"Павловск, ул., Конюшенная ул., ул., д. 7"
100,Арт-галерея Город Искусств,99,"Большая Разночинная ул., д. 11"
101,Галар Кампот,100,"3-я Советская ул., д. 7"
76,ПОЭТому,64,"Лиговский пр., д. 50"
102,Бертгольд-Центр,101,"Гражданская ул., д. 13-15"
103,Союз концертных деятелей,102,"Думская ул., д. 1/3"
104,Тайное общество,103,"Фонтанка, д. 20"
105,Театр-лаборатория Арт-Измерение,104,"Литейный пр., д. 28"
106,Галерея искусств Чердак Художника,105,"Ломоносова, д. 1"
107,Галерея 12 Июля,106,"Грибоедова, д. 100"
108,Библиотека Ленина,107,"Воскова ул., д. 2"
109,Музей Пушкина,108,"Мойка, д. 12"
110,Banka Soundbar,109,"Чайковского, д. 12"
111,biblioteka,13,"Невский пр., д. 20"
112,Библиотека Бронницкая,110,"Клинский пр., д. 17"
113,Ресторан VEER,111,"Гривцова, д. 16"
114,Ресторан-клуб эстетики хоррора The Bat,112,"Садовая ул., д. 30"
115,Бутерброд,113,"Апраксин переулок, д. 5"
116,the place,114,"Маршала Говорова, д. 47"
117,Галерея Ветер странствий,115,"Фонтанка, д. 119"
19,Буквоед,116,"пр. Просвещения, д. 19"
118,Money-Honey,117,"Садовая ул., д. 28-30, корп. 13"
119,Галерея Двойка,118,"Миллионая, д. 4/1"
120,Росфото,119,"Большая Морская ул., д. 35"
121,Библиотека Лиговская,120,"Лиговский пр., д. 99"
122,ГЭЗ-21,1,"Лиговский пр., д. 53"
123,Библиотека Лавренева,121,"Карповка, д. 28"
124,Платформа,122,"Некрасова, д. 40"
53,street,123,Малая Конюшенная улица
125,Библиотека Блока,13,"Невский пр., д. 20"
126,Кэшбар,124,"Фонтанка, д. 23"
26,Библиотека Измайловская,125,"7-я Красноармейская ул., д. 30"
53,street,126,под мостом Александра Невского со стороны Заневского пр.
127,Танцы,127,"Гороховая, д. 49"
53,street,128,Апраксин двор
128,Циферблат,129,"Невский пр., д. 81"
53,street,130,"Маяковского ул., д. 28"
129,Анненкирхе,131,"Кирочная, д. 8"
19,Буквоед,132,"Владимирский пр., д. 23"
130,HXGN,133,"Рубинштейна, д. 28"
131,Кулуар Реставрация нравов,134,"Биржевая линия В. О., д. 12"
132,Кофейня 64 зерна,135,"Большая Московская ул., д. 9"
133,Универсальный лекторий Александрийская библиотека,136,"Достоевского, д. 19/21Б"
134,СПбГУ,137,"Университетская наб., д. 7/9"
135,Дом журналиста,138,"Невский пр., д. 70"
136,РОФ Петербургское наследие и перспектива,139,"Мойка, д. 20"
137,Музей печати,140,"Мойка, д. 32"
138,Академическая капелла,139,"Мойка, д. 20"
58,Нико,141,"Банковский пер., д. 3"
139,Ателье,105,"Ломоносова, д. 1"
140,Пресс-клуб Зеленая лампа,141,"Банковский пер., д. 3"
141,Кофейня Щелкунчик,142,"Союза Печатников, д. 8"
142,Fidel,143,"Думская ул., д. 9"
143,Окоп,144,"Тучков переулок, д. 11/5"
144,Кафе-бар Пегас,145,"Шпалерная ул., д. 24"
145,Кафе-клуб Песня,146,"Воскова, д. 18/10"
146,Малый зал филармонии,147,"Невский пр., д. 30"
147,Кинотеатр Авангард,148,"Пушкин, ул. Московская, д. 32/17"
148,Театр поэтов Послушайте!,149,"Пушкинская ул., д. 9"
149,Чудетство,150,"Кузнечный переулок, д. 13"
150,Росбалт,151,"Марсово поле, д. 3"
151,Social Club,152,"Рубинштейна, д. 40/11"
152,Борей-Арт,153,"Литейный пр., д. 58"
27,Смольный институт свободных искусств и наук,154,"наб. лейтенанта Шмидта, д. 11"
153,"ЦГДБ им. Пушкина, филиал № 1",155,"Маяковского ул., д. 27"
154,Библиотека Семеновская,156,"Малодетскосельский пр., д. 50/42"
155,Книжный магазин Марки и закладки,103,"Фонтанка, д. 20"
156,Библиотека Герцена,157,"Новгородская ул., д. 27"
157,Библиотека Екатерингофская,158,"Циолковского, д. 7"
158,Музей повседневной культуры Ленинграда 1945-1965 гг.,159,"4-я линия В. О., д. 19"
159,Дом молодежи,160,"Новоизмайловский пр., д. 48"
160,Дом причта Феодоровского собора,161,"Миргородская, д. 1"
161,Чайхана Аъало,162,"Грибоедова, д. 52"
162,Творческое пространство Пальма,163,"Пирогова, д. 18"
163,Фундаментальная библиотека РГПУ им. Герцена,164,"Мойка, д. 48"
164,НПО Родные просторы,165,"Рылеева, д. 17-19"
165,Мраморный дворец,166,"Миллионая, д. 5/1"
166,Out Cinema,167,"Ковенский переулок, д. 14"
167,Библиотека Старая Коломна,168,"Никольская пл., д. 2"
168,Музей-квартира Н. А. Римского-Корсакова,169,"Загородный пр., д. 28Б"
169,Кинотеатр Англетер,170,"Малая Морская ул., д. 24"
170,Библиотека национальных литератур,171,"Садовая ул., д. 33"
171,Лендок,172,"наб. Крюкова канала, д. 12"
172,Театр Куклы,173,"Жака Дюкло, д. 6"
173,Библиотека правовой и экономической информации,174,"Благодатная ул., д. 20"
58,Нико,175,"Лиговский пр., д. 64-66"
174,Свои книги,176,"Репина ул., д. 41"
175,Библиотека Крупской,177,"Октябрьская наб., д. 64/1"
176,Дом дружбы народов Ленинградской Области,178,"Потемкинская ул., д. 2"
177,ИРЛИ,179,"наб. адмирала Макарова, д. 4"
178,Креативное пространство ЛЮМЬЕР-ХОЛЛ,180,"Обводный, д. 74А"
179,Библиотека Есенина,181,"Лиговский пр., д. 215"
180,The Point,182,"Литейный пр., д. 52"
181,ДК Выборгский,183,Комиссара Смирнова 15 А
182,Музей нонконформистского искусства,1,"Лиговский пр., д. 53"
183,ДК Розы,184,"Большая Разночинная ул., д. 24"
184,Сердце,185,"Биржевой переулок, д. 12"
185,Кошачья республика,186,"Якубовича, д. 10"
186,Главный Штаб,187,"Дворцовая пл., д. 6-8"
187,Городское кафе ЗиС,188,"Итальянская ул., д. 2"
188,Костел св. Екатерины,23,"Невский пр., д. 32-34"
189,Консульство Республики Польша в Санкт-Петербурге,189,"5-я Советская ул., д. 12"
190,Республика котов,190,"Литейный пр., д. 60"
191,Филологический факультет СПбГУ,191,"Университетская наб., д. 11"
192,2 Колеса,192,"Фонтанка, д. 22-24"
193,Классическая гимназия 610,193,"Малый пр. П. С., д. 9/6"
194,Аничков Дворец,194,"Невский пр., д. 39"
195,DO-gallery,195,"Чайковского, д. 10"
196,Charlie,196,"Грибоедова, д. 54"
197,Польский Дом,197,"Саперный переулок, д. 10"
198,Музей истории религии,198,"Почтамтская ул., д. 14"
199,Творческое пространство О+,199,"Кузнечный переулок, д. 19"
200,Колбабар,200,"Чайковского, д. 58"
201,Юсупов Palace,201,"Литейный пр., д. 42"
202,Театр Комедианты,202,"Лиговский пр., д. 44"
203,Центр искусств им. Дягилева,154,"наб. лейтенанта Шмидта, д. 11"
204,Филологический факультет РГПУ им. Герцена,203,"1-я линия В. О., д. 52"
205,Музей И.И.Бродского,204,"Михайловская ул., д. 3"
206,ANDY BAR,64,"Лиговский пр., д. 50"
207,Центральная районная библиотека Кронштадта,205,"Кронштадт, Советская ул., д. 49"
208,Дом композиторов,206,"Большая Морская ул., д. 45"
209,Гете-институт в Санкт-Петербурге,207,"Мойка, д. 58"
210,Сныть,24,"Мошков переулок, д. 4"
211,Лес Вилла,78,"Казанская ул., д. 7"
212,Союз писателей России,208,"Большая Конюшенная ул., д. 29"
213,Митьки-Арт,209,"Марата, д. 36-38"
214,Философский факультет СПбГУ,210,"Менделеевская линия В. О., д. 5"
215,Кафе Рапан,211,"Гатчина, пр. 25 Октября, д. 42"
216,Буфет Пьяная груша,64,"Лиговский пр., д. 50"
217,Администрация Петроградского района,212,"Большая Монетная ул., д. 19"
218,Памятный зал Монумента героическим защитникам Ленинграда,213,Пл. Победы
219,KGallery,214,"Фонтанка, д. 24"
220,Дом архитектора,215,"Большая Морская ул., д. 52"
221,Капкан,216,"Волынский переулок, д. 8"
222,Репин Бар,217,"Большая Пушкарская ул., д. 50"
223,Новый музей,218,"6-я линия В. О., д. 29"
224,Библиотека Зощенко,219,"Сестрорецк, Токарева, д. 7"
225,ЕСОД,220,"Большая Разночинная ул., д. 25А"
226,Театр Мастерская,221,"Народная ул., д. 1"
227,ZIS,222,"Ленсовета, д. 36"
228,Театр на Литейном,223,"Литейный пр., д. 51"
229,Троицкая библиотека,224,"Троицкая пл., д. 1"
230,"Российская национальная библиотека, новое здание",225,"Московский пр., д. 165"
19,Буквоед,226,"Космонавтов, д. 14"
231,Музей искусства Санкт-Петербурга,227,"Грибоедова, д. 103"
232,Школа Masters,228,"Итальянская ул., д. 17"
233,Музей Ротонда,229,"Гороховая ул., д. 57"
234,Молодежная библиотека на Гражданке,230,"Гражданский пр., д. 121/100"
235,Голицын-лофт,103,"Фонтанка, д. 20"
236,Академия художеств,231,"Университетская наб., д. 17"
237,Книжный магазин Факел,37,"Лиговский пр., д. 74"
238,Концертный зал у Финляндского,232,"Пл. Ленина, д. 1"
239,Приморский дом культуры,233,"Богатырский пр., д. 36"
240,Среда,234,"Невский пр., д. 35"
241,Большой зал филармонии,235,"Михайловская ул., д. 2"
242,НИУ ВШЭ,236,"Грибоедова, д. 123"
243,Лаборадория Интимное место,237,"Шпалерная ул., д. 3"
244,Факультет философии человека РГПУ им. Герцена,238,"Малая Посадская ул., д. 26"
245,Буквоед в Колпино,239,"Пролетарская ул., д. 36"
246,Редакция Санкт-Петербургских ведомостей,240,"Марата, д. 25"
247,Байконур,241,"Обводный, д. 138"
248,BIRD Photostudio,242,"Московский пр., д. 105, к. 5"
249,AnnaNova,243,"Жуковского, д. 28"
250,Choker,244,"Грибоедова, д. 26"
251,Музей звука,1,"Лиговский пр., д. 53"
252,Жопа,245,"Бакунина, д. 6"
253,Фонд Михаила Шемякина,246,"Садовая ул., д. 11"
254,Музей Некрасова,247,"Литейный пр., д. 36"
255,Студия Юрия Касьяника,248,"Тележная ул., д. 23"
256,Rat hole,241,"Обводный, д. 138"
257,Галерея Квартира Алексея Сергиенко,249,"Казанская ул., д. 12"
258,Центральная детская библиотека Приморского района,250,"Комендантский пр., д. 30"
259,Библиотека Салтыкова-Щедрина,251,"Богатырский пр., д. 9"
260,Ресторан Ragu,252,"Кадетская линия В. О., д. 9"
261,ARTIZMERENIE,253,"Артиллерийский переулок, д. 1"
262,Квартира. Разговоры,254,"Мойка, д. 40"
263,ДК Громов,255,"Громова, д. 4"
264,РХГА,20,"Фонтанка, д. 15"
265,Русский музей,256,"Садовая ул., д. 2"
266,Этобар,257,"Владимирский пр., д. 14"
267,Сашина пекарня,258,"Большая Морская ул., д. 14"
268,Библиотека вкусов,13,"Невский пр., д. 20"
269,Заведение АКАКАО,15,"Грибоедова, д. 7"
270,Культурное место,259,"15-я линия В. О., д. 34"
271,Союз художников,260,"Невский пр., д. 60"
272,Особняк Румянцева,261,"Галерная ул., д. 45"
273,LADЫ,262,"Глухая Зеленина ул., д. 2"
274,Матмех СПбГУ,263,"14-я линия В. О., д. 29б"
275,Чаплин-Клуб,264,"Чайковского, д. 59"
276,Timber,103,"Фонтанка, д. 20"
277,Антикафе О'Лень,265,"Средний пр. В. О., д. 36/40"
278,ДК Крупской,266,"Обуховской обороны, д. 105"
279,Африка,267,"Печатника Григорьева, д. 13"
280,Зеленый шатер,268,"Комарово, переулок, Осипенко, д. 5"
281,Театральная просто,269,Театральная площадь
282,Музей театрального и музыкального искусства,270,"пл. Островского, д. 6"
283,Театр Ток,134,"Биржевая линия В. О., д. 12"
284,Упсала-цирк,271,"Свердловская наб., д. 44"
285,Санкт-Петербургский союз художников,272,"Большая Морская ул., д. 38"
286,Матисс-клуб,273,"Никольская пл., д. 6"
287,Бард-клуб Парус,274,"Лиговский пр., д. 80"
53,street,275,Верхний сад Большого Петергофского дворца
288,Котельная,276,"Тамбовская ул., д. 28"
289,Союз театральных деятелей,96,"Невский пр., д. 86"
290,Крыша Roof Place,277,"Кожевенная линия В. О., д. 10"
291,Apotheke Bar,105,"Ломоносова, д. 1"
292,Винный бар Do Immigration,278,"Восстания, д. 24"
293,Invader,37,"Лиговский пр., д. 74"
294,Пассаж,279,"Невский пр., д. 48"
53,street,280,"Загородный пр., д. 15-17, сквер им. Довлатова"
295,Цветочки,281,"Рубинштейна, д. 23"
296,"Встретились, поговорили",281,"Рубинштейна, д. 23"
297,Рюмочная На бровях,282,"Ломоносова, д. 24"
298,Библиотека им. Молчанова,283,"Ленинский пр., д. 115"
299,Квартира Аронзона на Шпалерной,284,Шпалерная ул.
300,Школа музыки Эглерио,285,"Выборгское шоссе, д. 5, к.1"
301,Kletka,134,"Биржевая линия В. О., д. 12"
302,Израильский Культурный Центр,286,"Херсонская, д. 12-14"
303,Музей политической истории России,287,"Куйбышева, д. 2"
304,Школа нового кино,288,"Грибоедова, д. 92/1"
305,"Библиотека в Выборге на Пионерской, 4",289,"Выборг, Пионерская, 4"
306,Театр Поколений,290,"Лахтинская ул., д. 25А"
307,Дом Галича,291,"Невский пр., д. 141"
308,Библиотека Светлова в Колпино,292,"Колпино, ул. Веры Слуцкой, д. 32"
309,КЗ Колизей,293,"Невский пр., д. 100"
310,Арт-муза,294,"13-я линия В. О., д. 70-72"
311,Творческая мастерская Наш театр,295,"Добролюбова, д. 1"
312,Коворкинг Контекст,296,"Рентгена, д. 9Б"
313,Квартира Бродского,297,"Пестеля, д. 27"
314,Театр Остров,298,"Каменноостровский пр., д. 26-28"
315,Библиотека на Стремянной,299,"Стремянная ул., д. 20"
316,Стокер,112,"Садовая ул., д. 30"
317,Чайная Хижина,300,"Большая Конюшенная ул., д. 19/8"
318,Freedom,78,"Казанская ул., д. 7"
319,Мастерская художника,301,"Чкаловский пр., д. 56"
320,Пена дней,302,"Черняховского ул., д. 55"
321,Музей-квартира Л.Н. Бенуа,303,"3-я линия В. О., д. 20"
322,Gypsy bar,304,"Литейный пр., д. 14"
323,Летний сад,305,Летний сад
324,Синий Пушкин,143,"Думская ул., д. 9"
325,Чердак,306,"Куйбышева, д. 38"
326,ЦБС Московского района,307,"Варшавская ул., д. 37, к. 1"
327,Библиотека Кировских островов,308,"Кемская ул., д. 8/3"
328,Рюмочная На ход ноги,309,"Красносельская ул., д. 16"
329,Maklalu,217,"Большая Пушкарская ул., д. 50"
330,"ЦГДБ им. Пушкина, филиал № 4",310,"Новгородская ул., д. 5А"
331,Памятник первопроходцам и покорителям Арктики,311,"Беринга, д. 38"
332,ТРК Меркурий,312,"Колпино, ул., Пролетарская, д. 36"
333,Фонд создания музея Иосифа Бродского,313,"Литейный пр., д. 24"
334,Музыка и кофе,314,"Большой проспект П. С., д. 81"
335,Дом кино,315,"Караванная ул., д. 12"
336,Севкабель Порт,316,"Кожевенная линия В. О., д. 40"
337,Библиотека Гоголя,317,"Среднеохтинский пр., д. 8"
338,Манеж,318,"Исаакиевская пл., д. 1"
53,street,319,"Фонтанка, д. 34"
339,Мотив,133,"Рубинштейна, д. 28"
340,Санкт-Петербургский университет аэрокосмического приборостроения,320,"Большая Морская ул., д. 67"
341,Ребра Евы,321,"Фонарный переулок, д. 3"
342,Молодежный театр на Фонтанке,322,"Фонтанка, д. 114"
343,Библиотека роста и карьеры,323,"Московский пр., д. 150"
344,Дом творчества писателей,324,"Комарово, 3-я Дачная ул., д. 8"
345,Арт-Лига,1,"Лиговский пр., д. 53"
346,РГПУ,164,"Мойка, д. 48"
347,Книжный магазин Во весь голос,325,"Маяковского ул., д. 19"
348,Книжный магазин #HERZENКНИГИ,326,"Казанская ул., д. 3"
349,Библиотека Ржевская,327,"Индустриальный пр., д. 35, к. 1"
350,Камерный театр Малыщицкого,328,"Восстания, д. 41"
36,Все свободны,329,"Некрасова, д. 23"
351,Ресторан Баязет,330,"Фонтанка, д. 112"
352,Четверть пинты,331,"Константина Заслонова, д. 22"
53,street,332,"Малая Конюшенная улица, у памятника Гоголю"
19,Буквоед,333,"Гражданский пр., д. 41"
353,Ресторан Тинькофф,78,"Казанская ул., д. 7"
354,Редакция журнала Аврора,334,Большая Разночинная 17А
355,Балтийский стрелковый центр,335,"Александра Блока, д. 5"
280,Зеленый шатер,336,"Комарово, Кудринский переулок, д. 5"
356,квартирник,337,"Таврическая, д. 5"
357,Библиотека пос. Комарово,324,"Комарово, 3-я Дачная ул., д. 8"
358,Depeche Mode,338,"Гривцова, д. 2"
359,Эрмитаж,339,"Дворцовая наб., д. 34"
360,Цифербург,279,"Невский пр., д. 48"
361,Галерея дизайна Bulthaup,340,"Большая Конюшенная ул., д. 2"
279,Африка,341,"Фонтанка, д. 130"
362,Галерея Уже,134,"Биржевая линия В. О., д. 12"
363,Библиотека Чехова,342,"Турку, д. 11"
53,street,74,Пушкин
364,Ionoff,343,"Владимирский пр., д. 8"
53,street,344,"Садовая ул., д. 128"
365,Парк 300-летия Петербурга,345,"Приморский пр., д. 74"
366,набережная Невы,346,"набережная Невы у метро ""Елизаровская"""
367,Библиотека Алвара Аалто в Выборге,347,"Выборг, пр. Суворова, д. 4"
368,Галерея Свиное рыло,348,"Фонтанка, д. 5"
369,Галерея Zerno,349,"2-я линия В. О., д. 17"
370,Клуб-фестиваль Морзе,316,"Кожевенная линия В. О., д. 40"
371,СПбГЭУ,350,"Москательный переулок, д. 4"
372,Джекилл и Хайд,351,"Гороховая ул., д. 39"
373,Новый выставочный зал музея городской скульптуры,352,"Чернорецкий переулок, д. 2"
374,Квартирники у Гороховского,353,"Бабушкина, д. 29, корп. 2"
375,Московский вокзал,354,"Невский пр., д. 85"
376,Заведение Алилуя,355,"Инженерная ул., д. 7"
377,Клим Ворошилов,356,"Свердловская наб., д. 12"
378,Центральный лекторий,201,"Литейный пр., д. 42"
379,Лицей,357,"Фонтанка, д. 78"
380,Шалтай-Болтай,31,"Гагаринская ул., д. 3"
381,Дом ученых,358,"Дворцовая наб., д. 26"
382,Navicula Artis,1,"Лиговский пр., д. 53"
383,Театр Эстрады,359,"Большая Конюшенная ул., д. 27"
384,Лавочка детских книг,360,"Гороховая ул., д. 62"
385,Планетарий,361,"Александровский парк, д. 4"
386,Квартал,362,"Казанская, д. 7"
387,Михайловский манеж,363,"Инженерная ул., д. 11"
388,Арт-Полигон,1,"Лиговский пр., д. 53"
389,Галерея-103,1,"Лиговский пр., д. 53"
390,Бироновы конюшни,108,"Мойка, д. 12"
391,Центральная областная детская библиотека,364,"Мориса Тореза, д. 32"
19,Буквоед,365,"Стачек, д. 99"
392,Дворы капеллы,139,"Мойка, д. 20"
393,Музей П.Щербова,366,"Гатчина, ул. Чехова, д. 4"
394,Лавка художника,367,"Невский пр., д. 8"
395,Книжный клуб на Австрийской площади,368,"Каменноостровский пр., д. 13/2"
396,Генеральное консульство Финляндии,369,"Преображенская пл., д. 4"
397,ЛДМ,370,"Профессора Попова, д. 47"
398,Pro Arte,371,"Петропавловская крепость, д. 3"
399,ПирОГИ,372,"Фонтанка, д. 40"
400,Китайский летчик Джао Да,373,"Пестеля, д. 7"
401,Театр Особняк,374,"Каменноостровский пр., д. 55"
402,Манхэттен,375,"Фонтанка, д. 90"
403,Книжный магазин Буква,376,"1-я Красноармейская ул., д. 15"
404,Запасной дворец,377,Царское Село
405,Фронт,378,"Черняховского, д. 31"
406,Циник,379,"Пер. Антоненко, д. 4"
407,Музей Октябрьской железной дороги,380,"Библиотечный пер., д. 4, корп. 2"
53,street,381,Памятник Достоевскому
408,Мастерская Анастасии Нелюбиной,382,метро Приморская
409,Галерея Исачева,383,"Мойка, д. 82"
410,Николаевский дворец,384,"пл. Труда, д. 4"
411,Форсайт,385,"Гагаринская ул., д. 30"
412,Ресторан Mon Ami,386,"Белоостровская ул., д. 23"
413,Галерея АРТ-бюро,1,"Лиговский пр., д. 53"
373,Новый выставочный зал музея городской скульптуры,387,"Невский пр., д. 179/2"
414,паръ.spb,388,"Александровский парк, д. 5"
415,Редакция журнала НоМИ,389,"Ижорская ул., 13"
53,street,390,"Литейный пр., д. 19"
416,Институт Океанологии,391,1-я линия В. О. д. 30
417,Quo Vadis!?,82,"Невский пр., д. 22-24"
418,Физический факультет СПбГУ,392,"Петергоф, Ульяновская ул., д. 3"
419,Галерея Палитра,393,"Марая Морская, д. 5"
420,пляж Канонерского острова за гаражами,394,Канонерский остров
421,Деревня Художников,395,"Новоорловская, д. 40"
422,Галерея С.П.А.С.,396,"Мойка, д. 93"
53,street,397,Преображенская площадь
423,Инк-клуб,398,"8-я линия В. О., д. 79"
424,Cafemax,399,"Невский пр., д. 92"
425,Восточноевропейский институт психоанализа,400,"Большой пр. П. С., д. 18"
426,Литературное кафе,401,"Невский пр., д. 18"
427,БУМ,402,"Фонтанка, д. 50"
428,Проект при магазине Академический проект,403,"Рубинштейна, д. 26"
429,ProArte,404,"Пушкинская, д. 10"
430,Чеширский кот,405,"Толстого, д. 9"
431,Галерея Невограф,406,"Невский пр., д. 3"
432,Музей П.П.Чистякова,407,"Пушкин, Московское шоссе, д. 23"
433,Чайный домик Летнего сада,305,Летний сад
434,Центр современного искусства при СПбГУ,210,"Менделеевская линия В. О., д. 5"
435,Библиотека Островского,408,"17-я линия В. О., д. 14А"
436,Hobby-Centre,409,"пр. Сизова, д. 20, к. 1"
430,Чеширский кот,410,"Жуковского, д. 13"
437,Александринский театр,270,"пл. Островского, д. 6"
53,street,411,"Канонерский остров, д. 32"
148,Театр поэтов Послушайте!,411,"Канонерский остров, д. 32"
438,Стереобар,92,"Гороховая ул., д. 49"
439,Дом молодежи Царскосельский,412,"Пушкин, ул. Магазейная, д. 42"
440,Книжный магазин Мир печати,413,"Садовая ул., д. 25"
441,Санкт-Петербургский научный центр РАН,414,"Университетская наб., д. 5"
442,Академическая гимназия СПбГУ,415,"Каховского, д. 9"
443,ДК Горького,416,"Пл. Стачек, д. 4"
444,Павловский парк,417,"Павловское шоссе, д. 6"
445,Государственный музей Царскосельская коллекция,418,"Пушкин, ул. Магазейная, д. 40/27"
446,"Клуб Новая линия, филиал Пороховской библиотеки",419,"Сергея Лазо, д. 8, к. 4"
76,ПОЭТому,420,"5-я Советская ул., д. 45"
447,Музей кофе,421,"наб. Робеспьера, д. 14"
448,Молодежный литературный клуб Зеленая кошка,422,"Народного ополчения, д. 3"
449,Книжный магазин Мы,13,"Невский пр., д. 20"
450,Дом молодежи Рекорд,423,"Садовая ул., д. 75"
451,UTKA bar,424,"Моховая ул., д. 45"
452,Центр книги и графики,76,"Литейный пр., д. 55"
453,Пушкинский районный дом культуры,425,"Пушкин, Набережная, д. 14"
454,ДКиН СПбГУ,426,"Петергоф, ул. Ботаническая, д. 66/5"
455,Святодуховский центр Александро-Невской Лавры,427,"наб. р. Монастырки, д. 1"
456,Митьки-Вхутемас,428,"Правды, д. 16"
457,Школа № 216 им. Адама Мицкевича,429,"Графский переулок, д. 8"
458,Zoom,92,"Гороховая ул., д. 49"
459,Библиотека семейного чтения,430,"Кронштадт, ул., Гидростроителей, д. 6"
460,Центральная библиотека Красносельского района,431,Ветеранов д. 155
461,Центральная районная библиотека Кировского района,432,"Лёни Голикова, д. 31"
462,Галерея ПИК-Арт,129,"Невский пр., д. 81"
463,Петергофский студгородок СПбГУ,433,Петергоф
464,Музей леса,434,"Токсово, ул., Гагарина, д. 22"
465,Чудо-бар,435,"Садовая ул., д. 13-15"
466,Институт психологии и социальной работы,436,"12-я линия В. О., д. 13"
467,Научно-методический центр,437,"Невский пр., д. 154"
468,Центр Петербургская иудаика,438,"Исаакиевская пл., д. 5"
469,Студия Popcorn,439,"Обводный, д. 199-201"
19,Буквоед,440,"Невский пр., д. 13"
19,Буквоед,441,"Загородный пр., д. 35"
470,Снарк,442,"Просвещения, д. 74"
471,Центральная детская библиотека Кировского района,443,"Ветеранов, д. 78"
472,Паб Красный Лев,444,"Пл. Декабристов, д. 1"
53,street,445,"Петергоф, Нижний Парк, у ""Шахматной Горы"""
474,Балтийский медиа-центр,447,"Каменноостровский пр., д. 67"
473,Ледовый дворец,446,"пр. Пятилеток, д. 1"
475,Гостиница Англетер,448,"Большая Морская ул., д. 39"
476,Университетский центр,449,"Биржевая линия В. О., д. 6"
477,ЛенСпецСМУ,450,"Богатырский пр., д. 2"
478,Red Club,451,"Полтавская ул., д. 7"
479,Дом военной книги,13,"Невский пр., д. 20"
480,PRE,452,"Гражданская ул., д. 3"
481,Трамвайное Депо на Васильевском Острове,453,"Средний пр. В. О., д. 77"
482,Art-cross,454,"Перекупной переулок, д. 12/13"
483,Музей обороны Ленинграда,455,"Соляной переулок, д. 9"
484,Выставочный зал ПРОТВОР,456,"Итальянская ул., д. 14/16"
485,Библиотека Никольская,457,"Римского-Корсакова, д. 16/2"
486,Кофейня Идеальная чашка,458,"7-я линия В. О., д. 28"
53,street,459,Сквер на Пушкинской ул.
487,Сайгон,460,"Невский пр., д. 7/9"
488,Господин литератор,461,"Спасский пер., д. 1"
489,DaDa,462,"Гороховая ул., д. 47"
490,Библиотека Белинского,463,"Гражданский пр., д. 83"
491,Мемориал,281,"Рубинштейна, д. 23"
492,Radiobaby,78,"Казанская ул., д. 7"
493,Кухня,464,"Белинского ул., д. 9"
494,Бар Konzas Street,465,"Константина Заслонова, д. 25"
318,Freedom,466,"Невский пр., д. 88"
495,Кочегарка,467,"Выборг, ул., Титова, д. 1"
496,Inside,468,"Большой проспект П. С., д. 56"
497,Театр Под самой крышей,469,"Московский пр., д. 152"
498,СПбГУКИ,470,"4-я Красноармейская ул., д. 1/33"
11,Книги и кофе,471,"6-я Советская ул., д. 25"
499,Студклуб СПбГТУ,472,"Лесной пр., д. 65"
500,Краеведческий музей посёлка Комарово,473,"Комарово, Цветочная ул., д. 23"
501,club 2012,474,"Разъезжая ул., д. 43"
502,Дом творчества композиторов,475,"Приморское шоссе, д. 471"
503,Издательство Петербургский писатель,247,"Литейный пр., д. 36"
504,Театр дождей,341,"Фонтанка, д. 130"
505,Галерея 21,1,"Лиговский пр., д. 53"
506,Rock-кафе,476,"Пионерская ул., д. 32"
507,Буржуазия,1,"Лиговский пр., д. 53"
508,Doodlebar,477,"Щербаков переулок, д. 17"
324,Синий Пушкин,478,"Херсонская ул., д. 43/12"
509,"Выставочный зал Николаевская, 16",479,"Николаевская, д. 16"
510,Библиотека Современник,480,"Заневский пр., д. 32"
511,Орландина,481,"Инструментальная ул., д. 3"
512,"Подъездной переулок, д. 12",482,"Подъездной переулок, д. 12"
513,Большой театр кукол,483,"Некрасова, д. 10"
514,Арт-пространство Bye-bye Ballet,464,"Белинского ул., д. 9"
515,Сафо,484,"Почтамтская ул., д. 1"
516,Образовательный центр Дом Бенуа,298,"Каменноостровский пр., д. 26-28"
517,Детская библиотека № 14,485,"пр. Науки, д. 44"
518,Балканская площадь,486,Балканская площадь
519,Культурно-досуговый центр Мга,487,"Мга, ул., Спортивная, д. 4"
520,Сеновал,488,"Митрофаньевское шоссе, д. 2"
521,Гуманитарный Университет профсоюзов,489,"Фучика, д. 15"
384,Лавочка детских книг,490,"Энгельса, д. 154"
522,Галерея Ликт-Арт,491,"Котина, д. 6, к. 3"
76,ПОЭТому,492,"Рубинштейна, д. 8"
523,Ресторан НАBEERЕЖНАЯ,493,"Аптекарская наб., д. 20А"
524,Театр-хостел Антракт,437,"Невский пр., д. 154"
525,Арт-пространство Территория Город,494,"Конюшенная пл., д. 2"
526,ZANZA,133,"Рубинштейна, д. 28"
527,Кинотеатр Аврора,260,"Невский пр., д. 60"
528,Галерея–Cтудия VIEWZEN,495,"набережная Робеспьера, д. 30"
76,ПОЭТому,15,"Грибоедова, д. 7"
529,Кафе Соло на столе,496,"Швецова ул., д. 41"
530,Дом Кочневой,497,"Фонтанка, д. 41"
531,Рускомплект,498,"Старо-Петергофский пр., д. 9А, литера Ж"
532,Самосуд,499,"Грибоедова, д. 31"
533,Route 148,500,"Лиговский пр., д. 289"
534,Галерея Мольберт,501,"Большая Конюшенная ул., д. 11"
535,Душ,64,"Лиговский пр., д. 50"
536,КнигАрхив,227,"Грибоедова, д. 103"
537,Космонавт,502,"Бронницкая улица, д. 23"
538,весь мир,503,street
539,Чайный клуб Целый мир,504,"3-я линия В. О., д. 48"
540,Дворец Белосельских-Белозерских,505,"Невский пр., д. 41"
541,Центр молодежных исследований НИУ ВШЭ,506,"10-я линия В. О., д. 3/30"
542,Бар мистера Кокошки,507,"Разъезжая ул., д. 26/28"
57,Свой круг,508,"Пионерская ул., д. 34"
543,Книжный магазин Англия,509,"Фонтанка, д. 38"
544,Гримерка,510,"Варшавская ул., д. 29"
545,Галерея Формула,37,"Лиговский пр., д. 74"
546,Лавочка КнигиПодарки,511,"Колокольная ул., д. 10"
547,Line,512,"Звенигородская ул., д. 1"
548,Кафе драмы и комедии,513,"Новолитовская ул., д. 15А"
549,Кипяток,514,"Кузнечный переулок, д. 14"
550,LAZAREV GALLERY,515,"6-я линия В. О., д. 5"
551,Несуществующий этаж,516,"Уточкина, д. 7"
552,Малый драматический театр,517,"Рубинштейна, д. 18"
553,Улитка на склоне,143,"Думская ул., д. 9"
554,Сити-бар,518,"Фурштатская ул., д. 20"
555,Детская библиотека истории и культуры Петербурга,519,"Марата, д. 72"
556,Театр Балтийский дом,361,"Александровский парк, д. 4"
557,Хостел In Touch,59,"Гороховая ул., д. 41"
558,Библиотека Серафимовича,520,"Энгельса, д. 111"
559,Театр За Черной речкой,521,"Богатырский пр., д. 4"
560,Петришуле,82,"Невский пр., д. 22-24"
561,Шереметевский дворец,319,"Фонтанка, д. 34"
562,КЗ Аврора,522,"Пироговская наб., д. 5/2"
563,Малая сцена Академии театрального искусства,523,"Моховая ул., д. 34"
564,Баракобамабар,494,"Конюшенная пл., д. 2"
565,Петрович,524,"Марата, д. 56-58"
566,Insight,525,"Вознесенский пр., д. 36"
567,Scorpion-club,476,"Пионерская ул., д. 32"
568,V-CLUB,64,"Лиговский пр., д. 50"
53,street,526,Сквер Андрея Петрова
569,Дом Мурузи,313,"Литейный пр., д. 24"
570,Дитрихбар,527,"Гороховая ул., д. 46"
571,Sorry mama bar,528,"Глинки, д. 5"
572,Санкт-Петербургская ассоциация международного сотрудничества,190,"Литейный пр., д. 60"
53,street,377,Царское Село
573,Санкт-Петербургский филиал Московского Дома национальностей,529,"Казанская ул., д. 25А"
574,Дуня,530,"Тучков переулок, д. 11"
23,Борхес,531,"Обводный, д. 60"
575,Таврический сад,532,"Потемкинская ул., д. 4"
53,street,533,Пл. Искусств
576,Винотека D.O.C.,534,"Большая Пушкарская ул., д. 1"
577,"Причал на наб. Робеспьера, угол Потёмкинской улицы",535,"Причал на наб. Робеспьера, угол Потёмкинской улицы"
578,Арт-мастерская Колесо,536,"Харьковская ул., д. 8"
53,street,537,"Некрасовский сквер, у памятника Некрасову"
579,ГостинкаART,234,"Невский пр., д. 35"
580,Причал на набережной Робеспьера,538,Набережная Робеспьера
581,Креативное пространство Ткачи,531,"Обводный, д. 60"
582,Школа живописи для чайникофф,539,"Марата, д. 86"
583,Александровский Сад,540,Александровский Сад
584,Crazy Hunter,541,"Расстанная ул., д. 2, к.1"
585,Эпсилон-бар,542,"Ломоносова, д. 13"
586,Магазин Академкнига,543,"Петрозаводская ул., д. 7Б"
587,Михайловский замок,256,"Садовая ул., д. 2"
588,Причал на Университетской набережной у д. 3,544,Причал на Университетской набережной у д. 3
589,Третье место,545,"Марата, д. 57"
53,street,535,"Причал на наб. Робеспьера, угол Потёмкинской улицы"
67,АБЦентр,546,"Аптекарский переулок, д. 1"
590,ДК Ленсовета,547,"Каменноостровский пр., д. 42"
53,street,548,Дворцовая площадь
591,Скороход,549,"Московский пр., д. 107, к. 5"
592,Легко-легко,550,"Большая Пушкарская ул., д. 10"
53,street,551,Угол Восстания и Маяковского
593,Библиотека у Московских ворот,323,"Московский пр., д. 150"
594,Галерея Интерьеры махараджей,552,"9-я линия В. О., д. 12"
595,Доска,78,"Казанская ул., д. 7"
596,Галерея Ультра Марин,553,"Звенигородская ул., д. 12"
174,Свои книги,554,"Кадетская линия В. О., д. 25"
597,Дом молодежи Василеостровского района,555,"Большой проспект В. О., д. 65"
598,Клуб автопутешественников,556,"Испытателей, д. 8"
599,Легкость бытия,557,"3-я Советская ул., д. 21"
600,Театр на Васильевском,558,"Малый пр. В. О., д. 49"
76,ПОЭТому,78,"Казанская ул., д. 7"
601,МКЗ У Лесного,559,"Новолитовская, д. 5, корпус 4"
602,Зал ожидания,560,"Обводный, д. 118"
603,Библиотека Павловска,561,"Павловск, ул., д. 1-го Мая, д. 6"
604,Грязная галерея,562,"Марата, д. 33"
605,Тайга,563,"Дворцовая наб., д. 20"
606,Инженерный замок,256,"Садовая ул., д. 2"
607,ЦНСИ,564,"Лиговский пр., д. 87"
608,Елагин дворец,565,"Елагин Остров, д. 4"
53,street,566,Балтийский вокзал
609,Малый зал ЦВЗ Манеж,227,"Грибоедова, д. 103"
610,Пространство Табурет,567,"Невский пр., д. 74"
611,Петропавловская крепость,568,Петропавловская крепость
612,Дом 7,15,"Грибоедова, д. 7"
613,8pages,569,"Лиговский пр., д. 33-35"
614,Библиотека на Бухарестской 122,570,"Бухарестская ул., 122"
615,Ресторан Пьер,571,"Белинского ул., д. 13"
616,Daily,13,"Невский пр., д. 20"
344,Дом творчества писателей,572,"Комарово, Кавалерийская ул., д. 4/4"
617,Высшая школа журналистики и массовых коммуникаций,573,"1-я линия В. О., д. 26"
53,street,574,Памятник Маяковскому
618,КДЦ Красногвардейский,575,"Шаумяна, д. 22"
619,Книжный магазин Любимая история,576,"9-я линия В. О., д. 46"
578,Арт-мастерская Колесо,577,"Конная ул., д. 10"
620,Time cafe СейЧас,578,"Невский пр., д. 67"
621,Свобода,579,"Фонтанка, д. 129"
622,Библиотека на Морской,580,"Морская наб., д. 17"
623,КЦ Каскад,581,"Петергоф, ул. Царицынская, д. 2"
624,DALI,582,"Спасский переулок, д. 11"
53,street,583,Банковский мостик
625,Датский институт культуры в Санкт-Петербурге,584,"Мойка, д. 42"
626,Музей семьи Бенуа,585,"Петергоф, Александрийская ул., д. 8"
627,Филин Гуд,586,"Литейный пр., д. 64"
628,Susanin,244,"Грибоедова, д. 26"
629,Театр комедии им. Акимова,587,"Невский пр., д. 56"
630,Творческое пространство Кипарис,588,"Профессора Качалова, д. 8"
631,Море,589,"Малая Морская ул., д. 20"
632,Лофт Rizzordi,590,"Курляндская, д. 49"
174,Свои книги,591,"1-я линия В. О., д. 42"
633,Четверть,163,"Пирогова, д. 18"
53,street,592,"Маяковского ул., д. 6"
53,street,593,"Кузнечный переулок, д. 5/2"
634,ЦПКиО,594,Елагин остров
600,Театр на Васильевском,595,"Средний пр. В. О., д. 48"
635,Причал на Фонтанке 53,596,Причал на Фонтанке 53
53,street,597,Павловск
636,Хостел Друзья,141,"Банковский пер., д. 3"
637,Дом молодежи Санкт-Петербурга,598,"13 линия В. О., д. 22В"
638,Time-cafe Саквояж,599,"Тучков переулок, д. 12"
639,Летний читальный зал на Елагином острове,594,Елагин остров
640,Литераторские мостки Волкова Кладбища,600,"Расстанная ул., д. 30"
641,Мастерская Горынина,601,"ул. Александра Матросова, д. 1"
318,Freedom,376,"1-я Красноармейская ул., д. 15"
642,Клуб-клуб-клуб,64,"Лиговский пр., д. 50"
643,Крышабар,602,"Карповка, д. 5/2"
644,Лютеранская церковь святых Петра и Павла,82,"Невский пр., д. 22-24"
645,JFC-Jazz-club,603,"Шпалерная ул., д. 33"
646,Регал,217,"Большая Пушкарская ул., д. 50"
647,Смольный Собор,604,"Пл. Растрелли, д. 1А"
648,БДТ,605,"Фонтанка, д. 65"
649,Люксор,606,"Бухарестская ул., д. 30/32"
650,Камертон,607,"Апраксин переулок, д. 11"
651,Цыпа,608,"8-я линия В. О., д. 77/79"
652,Малая сцена театра им. Ленсовета,609,"Владимирский пр., д. 12"
653,Галерея V-concept,610,"Невский пр., д. 78"
654,Книжный дом Глагол,611,"Невский пр., д. 177"
655,Театр-студия СПбГУ,612,"наб. Адмиралтейского канала, д. 27"
656,Театр Романа Виктюка в помещении Консерватории им. Н.А.Римского-Корсакова,613,"Театральная пл., д. 3"
657,ТЮЗ им. Брянцева,614,"Пионерская пл., д. 1"
658,Achtung baby!,494,"Конюшенная пл., д. 2"
659,Проходимец,615,"Восстания, д. 22"
660,ДК Ижорский,616,"Колпино, Советский бульвар, д. 29"
661,Городской ДК г. Ломоносова,617,"Ораниенбаумский пр., д. 39в"
662,NAMEGALLERY,618,"Большая Конюшенная ул., д. 15"
663,Ленэкспо,619,"Большой проспект В. О., д. 103"
664,Black box theatre,78,"Казанская ул., д. 7"
665,"Гатчина, бар New York",620,"Володарского, д. 9"
666,Выборгская Сторона,621,"Смолячкова, д. 13"
667,Check Point Cafe,622,"Пер. Антоненко, д. 5"
668,В месте,623,"Жуковского, д. 55"
669,Камин и кот,624,"Крупской, д. 55"
670,Лицей № 90,625,"Ленинский пр., д. 90"
671,Ресторан Никольский 8,626,"Никольский переулок, д. 8"
672,Harst's Pub,627,"Невский пр., д. 109"
673,Музей-институт семьи Рерихов,628,"18-я линия В. О., д. 1"
674,Океанариум,539,"Марата, д. 86"
6,Ионотека,629,"Мучной пер., д. 2"
53,street,164,"Мойка, д. 48"
324,Синий Пушкин,630,"Жуковского, д. 3"
675,Театр Мимигранты,631,"Рижский пр., д. 23"
676,Музей связи,632,"Почтамтский переулок, д. 4"
677,Мансарда художников,633,"Большая Пушкарская ул., д. 7"
678,Книжные аллеи у Михайловского замка,256,"Садовая ул., д. 2"
679,Железный лев,182,"Литейный пр., д. 52"
680,Симбиоz,634,"Карповка, д. 20"
681,Досуговый клуб Ритм,635,"Генерала Симоняка, д. 9"
682,Старый город,636,"Волховский переулок, д. 6"
6,Ионотека,637,"Москательный переулок, д. 3"
683,Гостиница-отель Аннушка,638,"Гапсальская, д. 2"
684,А2,639,"Разъезжая ул., д. 12"
685,Книжный магазин Хувентуд,167,"Ковенский переулок, д. 14"
686,Триэль,640,"Заставская ул., д. 33"
53,street,641,"Канонерский остров, территория недостроенной ТЭЦ"
687,Молодёжный центр Эрмитажа,642,"Мойка, д. 47"
688,Театр Буфф,575,"Шаумяна, д. 22"
689,Жан-Жак,643,"Марата, д. 10"
690,СимбиоZ,644,"Дворцовая наб., д. 22"
691,Петербургский СКК,645,"пр. Юрия Гагарина, д. 8"
19,Буквоед,646,"Савушкина, д. 141"
692,Книжный гипермаркет Лас-Книгас,647,"Большой проспект В. О., д. 18А"
693,Библиотека Мамина-Сибиряка,648,"Пушкин, ул., Малая, д. 20"
694,Дом национальностей Санкт-Петербурга,649,"Моховая ул., д. 15"
695,Музей-библиотека Книги блокадного города,650,"пр. Юрия Гагарина, 17"
19,Буквоед,651,"Савушкина, д. 7"
696,Галерея Велес-студио,652,"Зеленогорск, Гостиная ул., д. 1"
697,КЦ Троицкий,653,"Обуховской обороны, д. 223"
698,Галерея Рахманинов Дворик,654,"Казанская ул., д. 5"
699,Выставочный зал Смольный,655,"Смольного, д. 3"
430,Чеширский кот,656,"Загородный пр., д. 32"
700,Свитер с оленями,657,"Грибоедова, д. 22"
701,Музей истории фотографии,658,"Проф. Попова, д. 23"
702,Петербургский художник,659,"Мойка, д. 100"
703,Клуб-музей Камчатка,660,"Блохина, д. 15"
704,Bureau,661,"Миллионая, д. 10"
705,Галерея ФотоДепартамет,278,"Восстания, д. 24"
57,Свой круг,662,"Боровая ул., д. 32"
706,Ленинград Центр,663,"Потемкинская ул., д. 4а"
707,Мансарда,664,"Марата, д. 36"
708,Галерея 2.04,1,"Лиговский пр., д. 53"
709,Киностудии RWS,665,"Генерала Хрулева, д. 9"
710,Арт-отель Рахманинов,654,"Казанская ул., д. 5"
711,Паб Кино,666,"Садовая ул., д. 8"
183,ДК Розы,667,"13-я линия В. О., д. 72"
712,Редакция журнала Невский альманах,165,"Рылеева, д. 17-19"
713,Имажинариум,668,"Короленко, д. 4"
53,street,669,"Пушкин, Нижний (Отдельный) парк"
53,street,670,"Павловск, Павловский парк, Тярлевская просека"
53,street,671,Детская улица
53,street,672,"Петергоф, Санкт-Петербургский пр-кт, д. 34"
714,"Причал на наб. Макарова, 26",673,"Причал на наб. Макарова, 26"
53,street,674,"Петергоф, привокзальная площадь"
715,HORROR BAR,75,"Малая Посадская ул., д. 3А"
716,Арт-пространство Тайна,675,"Коломенская ул., д. 31"
717,Русское географическое общество,676,"Гривцова, д. 10"
496,Inside,677,"Большая Пушкарская ул., д. 19"
718,Музей уличного искусства,678,"Шоссе Революции, д. 84"
719,Оружейника Фёдорова,679,"Фонтанка, д. 8"
720,Сочи,78,"Казанская ул., д. 7"
721,Кончита-Бонита,351,"Гороховая ул., д. 39"
722,Дом Дружбы,190,"Литейный пр., д. 60"
511,Орландина,602,"Карповка, д. 5/2"
723,Кафе-бар Funnydogs,579,"Фонтанка, д. 129"
724,закрытый клуб,466,"Невский пр., д. 88"
725,Ai,680,"Большая Московская ул., д. 1-3"
726,"Театральная академия, театроведческий факультет",681,"Моховая ул., д. 35"
727,Центр культурных инициатив Сад,682,"Институтский пр., д. 16, кор. 2"
728,Павловский дворец,683,"Павловск, Садовая ул., д. 20"
729,PinUp,684,"Моховая ул., д. 37"
730,Шведская церковь Святой Екатерины,685,"Малая Конюшенная ул., д. 1-3"
731,Литературное радио,686,"Парголовская, д. 13/2"
732,"КЦ на Пушкинской, 10",1,"Лиговский пр., д. 53"
733,Галерея Люда,687,"Моховая ул., д. 42"
734,Che,688,"Полтавская ул., д. 3"
19,Буквоед,689,"Торфяная дорога, д. 7"
735,Галерея Д-137,690,"Невский пр., д. 90-92"
736,ДК Кирова,691,"Большой проспект В. О., д. 83"
737,Атриум Мариус Паба,692,"Марата, д. 11"
738,Путевой дворец Петра Первого в Стрельне,693,"Стрельная, территория Больничная горка, д. 2"
739,Издательство Астрель,694,"Малая Морская ул., д. 8"
740,Революция,695,"Садовая ул., д. 28-30"
497,Театр Под самой крышей,696,"Каменноостровский пр., д. 26/28"
741,РЫБАПИЛА,244,"Грибоедова, д. 26"
470,Снарк,697,"Заневский пр., д. 67, к. 2"
742,f-108,698,"Фонтанка, д. 108"
743,Кинотеатр Прибой,699,"Средний пр. В. О., д. 93"
744,Дом семейных торжеств,700,"Грибоедова, д. 126"
745,Театр Зазеркалье,701,"Рубинштейна, д. 13"
746,Квартирник,702,метро Елизаровская
747,Слесарные мастерские Малого Драматического Театра,703,"Графский переулок, д. 5"
748,Магазин Индиго,704,"Невский пр., д. 63"
749,Букбери,705,"Ленинградская область, Всеволжский район, Мурманское шоссе, 12 км"
750,Green club,124,"Фонтанка, д. 23"
19,Буквоед,706,"Заневский пр., д. 67"
751,Книжный дом,707,"Маршала Говорова, д. 10"
11,Книги и кофе,244,"Грибоедова, д. 26"
752,Арт-пространство KOKON Space,708,"Каменноостровский пр., д. 38"
753,Театр музкомедии,709,"Итальянская ул., д. 13"
754,Винный бар Пино,710,"9-я линия В. О., д. 2"
755,Ломоносовский дом культуры,711,"Ломоносов, Дворцовый пр., д. 12"
756,Vnutri,712,"Вознесенский пр., д. 20"
757,Белый зал Политеха,713,"Политехническая ул., д. 29"
758,TimeCraft,64,"Лиговский пр., д. 50"
759,Art lab Medovarus,714,"Мучной переулок, д. 5"
760,Галерея Вереск,133,"Рубинштейна, д. 28"
761,Печатный двор,715,"Гатчинская ул., д. 26/28"
762,Гастробар Go Gyros,716,"Правды, д. 12"
763,Скотный двор,717,"Конногвардейский бульвар, д. 21"
764,Библиотека в Выборге на Рубежной,718,"Выборг, Рубежная, д. 18"
765,Выборгский замок,719,"Выборг, Замковый остров"
766,Международный центр развития Счастье жизни,720,"Фурштатская, д. 12"
767,Российский институт истории искусств,438,"Исаакиевская пл., д. 5"
768,Музей советских игровых автоматов,494,"Конюшенная пл., д. 2"
769,Галерея Art of Foto,721,"Большая Конюшенная ул., д. 1"
770,4friends,722,"Жуковского, д. 22"
771,Sketchbar,723,"Думская ул., д. 4"
772,Мастерская Виктора Тихомирова,724,"Аптекарский переулок, д. 6"
773,Библиотека Малоохтинская,725,"Новочеркасский пр., д. 49"
774,Дворец учащейся молодежи,685,"Малая Конюшенная ул., д. 1-3"
775,Галерея 14/45,726,"6-я линия В. О., д. 39"
53,street,727,"Малая Посадская ул., д. 8"
776,Информационно-досуговый центр М-86,728,"Московский пр., д. 86"
777,Husky бар,729,"4-я Красноармейская ул., д. 12"
778,Квартира Кости Кройца,730,"Невский пр., д. 71"
779,ДПЦ Спасский,731,"Московский пр., д. 5"
780,horosho,732,"1-я линия В. О., д. 10"
183,ДК Розы,64,"Лиговский пр., д. 50"
781,Редакция Петербургского театрального журнала,733,"Моховая ул., д. 30"
782,Музей Юрия Инге в Стрельне,734,"Стрельна, Орловская ул., д. 2"
279,Африка,735,"Печатника Григорьева, д. 2"
783,Capella Club,64,"Лиговский пр., д. 50"
53,street,736,"Канонерский остров, конец набережной Морского канала"
780,horosho,737,"17-я линия В. О., д. 52"
667,Check Point Cafe,738,"Казанская ул., д. 33"
784,Вегетарианское кафе Ауровилль,739,"Радищева, д. 5"
785,Шотшоп,740,"Жуковского, д. 17"
786,Бизнес-Центр Традиция,737,"17-я линия В. О., д. 52"
787,Молодость,741,"Правды, д. 9"
788,Мука,742,"Мучной переулок, д. 1"
789,Вам сюда!,743,"Выборгская наб., д. 27"
790,Фонд Иофе,281,"Рубинштейна, д. 23"
791,Галерея Арт-Рефлекс,744,"Бакунина, д. 5"
792,The LOFT,745,"Биржевой переулок, д. 2-4"
459,Библиотека семейного чтения,746,"Ломоносов, ул. Победы, д. 1"
793,Театральный зал Монтессори-школы Михайловой,747,"Замшина, д. 58, корп. 2"
794,Тime-кафе Commode,748,"Рубинштейна, д. 1"
795,Юсуповский сад,749,"Садовая ул., д. 50"
796,Голова,750,"Ст. Петергоф, угол Морского пр и Ораниенбаумского шоссе"
797,Книжный магазин Раскольниковъ,607,"Апраксин переулок, д. 11"
798,Креативный лофт АРТХАТА,751,"Измайловский пр., д. 6"
799,Пыль,752,"Большая Конюшенная ул., д. 9"
800,Cook&Geek,314,"Большой проспект П. С., д. 81"
801,Все твои друзья,753,"Вознесенский пр., д. 26"
802,Studio 212,602,"Карповка, д. 5/2"
803,Фотографика,754,"Лиговский пр., д. 25"
804,Старый Стокер,244,"Грибоедова, д. 26"
805,Мастерская авторского Кофе Аддис,755,"Суворовский пр., д. 43-45"
53,street,756,Березовая Аллея ГМЗ Павловск
806,Арт-мансарда 4'33,757,"Биржевой переулок, д. 4"
807,Пространство COM.NATA,64,"Лиговский пр., д. 50"
808,Культурный центр Фёдоровского собора,758,"Миргородская, д. 15"
809,Театр ЦЕХъ,494,"Конюшенная пл., д. 2"
53,street,759,Павловский парк
53,street,760,"Пушкин, Нижний Отдельный парк"
810,Дачники,143,"Думская ул., д. 9"
19,Буквоед,761,"Балканская пл., д. 5"
811,Галерея стеклянных картин Анны Дорониной,762,"Грибоедова, д. 74"
493,Кухня,763,"2-я Советская ул., д. 8"
812,Сухой фонтан,764,"Сад им. 30-летия Октября, пр. Обуховской обороны"
813,Бездельники,228,"Итальянская ул., д. 17"
814,Радиостанция Град Петров,765,"наб. лейтенанта Шмидта, д. 39"
815,Гостевой дом Чиженька,373,"Пестеля, д. 7"
816,Всё просто,766,"Лиговский пр., д. 115"
817,Малая сцена Театра на Васильевском,767,"Средний пр. В. О., д. 49"
818,офис ПАРНАСа и Открытой России,768,"Фонтанка, д. 19"
819,Театральная гостиная Vinci,769,"Большая Пушкарская ул., д. 29"
820,Театр фантастики,103,"Фонтанка, д. 20"
821,Пресс-центр Культура Северо-Запада России,770,"Садовая ул., д. 14/52"
242,НИУ ВШЭ,771,"Промышленная, д. 17а"
822,Trashroom,772,"Циолковского, д. 13-15"
823,Лекторий Cultura,773,"Невский пр., д. 22"
824,Black stage,774,"Лиговский пр., д. 113"
825,Центр китайского языка Иероглиф,440,"Невский пр., д. 13"
826,Groove,775,"Марата, д. 30"
827,Кофейня Аддис,776,"Невский пр., д. 120"
828,Holy Water,777,"Некрасова, д. 36"
829,Музей богемной жизни,654,"Казанская ул., д. 5"
265,Русский музей,778,"Инженерная ул., д. 8"
27,Смольный институт свободных искусств и наук,191,"Университетская наб., д. 11"
830,Музей Шаляпина,779,"Графтио, д. 2Б"
831,Концептуальный клуб 84 Аврора,780,"Ждановская, д. 29"
832,Юношеская библиотека им. А.П. Гайдара,400,"Большой пр. П. С., д. 18"
833,"Пушкинская, 10",404,"Пушкинская, д. 10"
834,Петербургский архив и библиотека независимого искусства,781,"Пушкинской ул., д. 10"
53,street,782,Пушкинская улица у памятника Пушкину
835,Ленинградская Областная Научная Универсальная Библиотека,783,"Кирилловская ул., 19"
722,Дом Дружбы,784,"Фонтанка, 21"
836,"Галерея ""Фотоimage""",1,"Лиговский пр., д. 53"
395,Книжный клуб на Австрийской площади,785,"Каменноостровский пр., д. 13"
837,ГОСТИ,786,"Фонтанка, д. 109"
53,street,787,"Пушкинская ул., д. 10"
838,Арт-Центр Пушкинская-10,1,"Лиговский пр., д. 53"
839,Place,788,"Маршала Говорова, 47"
373,Новый выставочный зал музея городской скульптуры,789,"Невский пр., 179/2"
840,Музей,790,"Царское Село, ул. Средняя, 1/3"
437,Александринский театр,791,"пл. Островского, д.6"
841,Ленфильм,792,"Каменноостровский пр., 10"
182,Музей нонконформистского искусства,787,"Пушкинская ул., д. 10"
32,ДК Шелгунова,794,"Шамшева, д. 8"
395,Книжный клуб на Австрийской площади,795,"Каменноостровский пр., 13/2"
843,Этажи,796,"Лиговский пр., 74"
844,Дом офицеров,797,"Литейный пр., д. 20"
86,Музей петербургского авангарда,798,"Профессора Попова, д. 10"
845,Петровский оздоровительный центр,799,"Никольская, д. 13"
93,Жук,800,"Грибоедова, д. 42"
846,Зона действия,796,"Лиговский пр., 74"
847,Библиотека им. Лавренева,801,Библиотека Лавренева
137,Музей печати,802,"наб. р. Мойки, д. 32"
53,street,803,метро Владимирская
542,Бар мистера Кокошки,804,"Разъезжая ул., д. 26-28"
848,Петровский арсенал,805,"Сестрорецк, ул. Воскова, д. 2"
849,"Театр ""Суббота""",806,"Звенигородская ул., д. 30"
850,Люмьер-Холл,807,"Обводный, д. 74"
851,Центральная библиотека Петергофа,808,"Новый Петергоф, Эрлеровский бульвар, д. 18"
852,Dead poets bar,85,"Жуковского, д. 12"
11,Книги и кофе,809,"Гагаринская, д. 20"
853,Треска,103,"Фонтанка, д. 20"
854,Филиал № 1 Городской Детской Библиотеки имени Пушкина,810,"Маяковского, д. 27"
855,Азимут,811,"Лермонтовский пр., д. 43/1"
856,Санкт-Петербургский художественный музей,812,"наб. р. Смоленки, д. 2"
857,black books bar,813,"Рубинштейна, д. 29/28"
858,Арт-Проспект,814,"Куйбышева, д. 1/5"
31,Европейский университет,815,"Гагаринская ул., д. 6/1"
859,Колизей,293,"Невский пр., д. 100"
860,Киноцентр «Родина»,315,"Караванная ул., д. 12"
861,ЕОЦ,42,"Рубинштейна, д. 3"
89,"ЦГДБ им. Пушкина, филиал № 3",816,"3-я Советская ул., д. 8А"
862,"Кинжный магазин ""Мир Печати""",817,"Садовая ул., 25"
842,Центр современного искусства им. С.Курёхина,699,"Средний пр. В. О., д. 93"
41,Еврейский общинный центр,701,"Рубинштейна, д. 13"
127,Танцы,92,"Гороховая ул., д. 49"
850,Люмьер-Холл,180,"Обводный, д. 74А"
